from,to,relationships
ALBERT_FRERE,GDF_SUEZ,IS_DIRECTOR_OF
ALBERT_FRERE,LVMH,IS_DIRECTOR_OF
ALEXANDRA_SCHAAPVELD,SOCIETE_GENERALE,IS_DIRECTOR_OF
AMAURY_DE_SEZE,CARREFOUR,IS_DIRECTOR_OF
AMAURY_DE_SEZE,PUBLICIS,IS_DIRECTOR_OF
ANNE_LAUVERGEON,AIRBUS,IS_DIRECTOR_OF
ANNE_LAUVERGEON,TOTAL,IS_DIRECTOR_OF
ANNE_MARIE_IDRAC,BOUYGUES,IS_DIRECTOR_OF
ANNE_MARIE_IDRAC,SAINT_GOBAIN,IS_DIRECTOR_OF
ANNE_MARIE_IDRAC,TOTAL,IS_DIRECTOR_OF
BAUDOUIN_PROT,BNP_PARIBAS,IS_DIRECTOR_OF
BAUDOUIN_PROT,KERING,IS_DIRECTOR_OF
BAUDOUIN_PROT,LAFARGE,IS_DIRECTOR_OF
BAUDOUIN_PROT,VEOLIA_ENVIRONNEMENT,IS_DIRECTOR_OF
BENOIT_POTIER,DANONE,IS_DIRECTOR_OF
BENOIT_POTIER,AIR_LIQUIDE,IS_DIRECTOR_OF
BERNARD_ARNAUD,CARREFOUR,IS_DIRECTOR_OF
BERNARD_ARNAUD,LVMH,IS_DIRECTOR_OF
BERNARD_HOURS,DANONE,IS_DIRECTOR_OF
BERNARD_HOURS,ESSILOR,IS_DIRECTOR_OF
BRUNO_LAFONT,EDF,IS_DIRECTOR_OF
BRUNO_LAFONT,ARCELORMITTAL,IS_DIRECTOR_OF
BRUNO_LAFONT,LAFARGE,IS_DIRECTOR_OF
CHARLES_DE_CROISSET,RENAULT,IS_DIRECTOR_OF
CHARLES_DE_CROISSET,LVMH,IS_DIRECTOR_OF
CHARLES_HENRI_FILIPPI,L_OREAL,IS_DIRECTOR_OF
CHARLES_HENRI_FILIPPI,ORANGE,IS_DIRECTOR_OF
COLETTE_LEWINER,BOUYGUES,IS_DIRECTOR_OF
DANIEL_BERNARD,CAP_GEMINI,IS_DIRECTOR_OF
DAVID_AZEMA,RENAULT,IS_DIRECTOR_OF
DENIS_RANQUE,SAINT_GOBAIN,IS_DIRECTOR_OF
DENIS_RANQUE,AIRBUS,IS_DIRECTOR_OF
FRANCK_RIBOUD,DANONE,IS_DIRECTOR_OF
FRANCK_RIBOUD,RENAULT,IS_DIRECTOR_OF
FRANCOIS_HENRI_PINAULT,KERING,IS_DIRECTOR_OF
FRANCOIS_HENRI_PINAULT,BOUYGUES,IS_DIRECTOR_OF
GEORGE_CHODRON_DE_COURCEL,BNP_PARIBAS,IS_DIRECTOR_OF
GEORGE_CHODRON_DE_COURCEL,BOUYGUES,IS_DIRECTOR_OF
GEORGES_RALLI,VEOLIA_ENVIRONNEMENT,IS_DIRECTOR_OF
GEORGES_RALLI,CARREFOUR,IS_DIRECTOR_OF
GERARD_DE_LA_MARTINIERE,AIR_LIQUIDE,IS_DIRECTOR_OF
GERARD_DE_LA_MARTINIERE,SCHNEIDER_ELECTRIC,IS_DIRECTOR_OF
GERARD_HAUSER,TECHNIP,IS_DIRECTOR_OF
GERARD_HAUSER,ALSTOM,IS_DIRECTOR_OF
GERARD_LAMARCHE,GDF_SUEZ,IS_DIRECTOR_OF
GERARD_LAMARCHE,LAFARGE,IS_DIRECTOR_OF
GERARD_LAMARCHE,LEGRAND,IS_DIRECTOR_OF
GERARD_LAMARCHE,TOTAL,IS_DIRECTOR_OF
GERARD_MESTRALLET,GDF_SUEZ,IS_DIRECTOR_OF
GERARD_MESTRALLET,SAINT_GOBAIN,IS_DIRECTOR_OF
GILLES_SCHNEPP,LEGRAND,IS_DIRECTOR_OF
GILLES_SCHNEPP,SAINT_GOBAIN,IS_DIRECTOR_OF
HELENE_PLOIX,BNP_PARIBAS,IS_DIRECTOR_OF
HELENE_PLOIX,PUBLICIS,IS_DIRECTOR_OF
HELENE_PLOIX,LAFARGE,IS_DIRECTOR_OF
HENRI_LACHMANN,SCHNEIDER_ELECTRIC,IS_DIRECTOR_OF
HENRI_LACHMANN,VIVENDI,IS_DIRECTOR_OF
IAN_GALIENNE,LAFARGE,IS_DIRECTOR_OF
IAN_GALIENNE,PERNOD_RICARD,IS_DIRECTOR_OF
ISABELLE_KOCHER,AXA,IS_DIRECTOR_OF
JEAN_BERNARD_LEVY,SOCIETE_GENERALE,IS_DIRECTOR_OF
JEAN_BERNARD_LEVY,VINCI,IS_DIRECTOR_OF
JEAN_CYRIL_SPINETTA,ALCATEL-LUCENT,IS_DIRECTOR_OF
JEAN_DOMINIQUE_SENARD,SAINT_GOBAIN,IS_DIRECTOR_OF
JEAN_DOMINIQUE_SENARD,MICHELIN,IS_DIRECTOR_OF
JEAN_FRANCOIS_CIRELLI,GDF_SUEZ,IS_DIRECTOR_OF
JEAN_LAURENT_BONNAFE,CARREFOUR,IS_DIRECTOR_OF
JEAN_LAURENT_BONNAFE,BNP_PARIBAS,IS_DIRECTOR_OF
JEAN_MARTIN_FOLZ,AXA,IS_DIRECTOR_OF
JEAN_MARTIN_FOLZ,SOCIETE_GENERALE,IS_DIRECTOR_OF
JEAN_MARTIN_FOLZ,ALSTOM,IS_DIRECTOR_OF
JEAN_MARTIN_FOLZ,SAINT_GOBAIN,IS_DIRECTOR_OF
JEAN_MICHEL_SEVERINO,ORANGE,IS_DIRECTOR_OF
JEAN_MICHEL_SEVERINO,DANONE,IS_DIRECTOR_OF
JEAN_PAUL_AGON,L_OREAL,IS_DIRECTOR_OF
JEAN_PAUL_AGON,AIR_LIQUIDE,IS_DIRECTOR_OF
JEAN_PAUL_CHIFFLET,BOUYGUES,IS_DIRECTOR_OF
JEAN_PIERRE_CLAMADIEU,AXA,IS_DIRECTOR_OF
JEAN_PIERRE_CLAMADIEU,SOLVAY,IS_DIRECTOR_OF
JEAN_RENE_FOURTOU,SANOFI,IS_DIRECTOR_OF
LADY_SYLVIA_JAY,SAINT_GOBAIN,IS_DIRECTOR_OF
LAKSHMI_MITTAL,AIRBUS,IS_DIRECTOR_OF
LAKSHMI_MITTAL,ARCELORMITTAL,IS_DIRECTOR_OF
LAURENCE_DORS,CAP_GEMINI,IS_DIRECTOR_OF
LAURENCE_DORS,CREDIT_AGRICOLE,IS_DIRECTOR_OF
LOUIS_SCHWEITZER,VEOLIA_ENVIRONNEMENT,IS_DIRECTOR_OF
LOUIS_SCHWEITZER,L_OREAL,IS_DIRECTOR_OF
MARC_LADREIT_DE_LACHARRIERE,RENAULT,IS_DIRECTOR_OF
MARION_GUILLOU,BNP_PARIBAS,IS_DIRECTOR_OF
MARION_GUILLOU,VEOLIA_ENVIRONNEMENT,IS_DIRECTOR_OF
MICHEL_PEBEREAU,BNP_PARIBAS,IS_DIRECTOR_OF
MICHEL_PEBEREAU,AIRBUS,IS_DIRECTOR_OF
MICHEL_PEBEREAU,TOTAL,IS_DIRECTOR_OF
MICHEL_ROLLIER,MICHELIN,IS_DIRECTOR_OF
MICHEL_ROLLIER,LAFARGE,IS_DIRECTOR_OF
NATHALIE_RACHOU,SOCIETE_GENERALE,IS_DIRECTOR_OF
NATHALIE_RACHOU,VEOLIA_ENVIRONNEMENT,IS_DIRECTOR_OF
NICOLAS_BAZIRE,CARREFOUR,IS_DIRECTOR_OF
NICOLAS_BAZIRE,LVMH,IS_DIRECTOR_OF
OLIVIER_APPERT,EDF,IS_DIRECTOR_OF
OLIVIER_APPERT,TECHNIP,IS_DIRECTOR_OF
OLIVIER_BAZIL,MICHELIN,IS_DIRECTOR_OF
OLIVIER_BAZIL,LEGRAND,IS_DIRECTOR_OF
OLIVIER_BOUYGUES,BOUYGUES,IS_DIRECTOR_OF
OLIVIER_BOUYGUES,ALSTOM,IS_DIRECTOR_OF
OLIVIER_PIOU,ALCATEL-LUCENT,IS_DIRECTOR_OF
OLIVIER_PIOU,GEMALTO,IS_DIRECTOR_OF
PASCAL_COLOMBANI,ALSTOM,IS_DIRECTOR_OF
PASCAL_COLOMBANI,TECHNIP,IS_DIRECTOR_OF
PASCALE_SOURISSE,VINCI,IS_DIRECTOR_OF
PASCALE_SOURISSE,RENAULT,IS_DIRECTOR_OF
PATRICIA_BARBIZET,KERING,IS_DIRECTOR_OF
PATRICIA_BARBIZET,TOTAL,IS_DIRECTOR_OF
PAUL_DESMARAIS_JR,TOTAL,IS_DIRECTOR_OF
PAUL_HERMELIN,AXA,IS_DIRECTOR_OF
PAUL_HERMELIN,CAP_GEMINI,IS_DIRECTOR_OF
PHILIPPE_ALFROID,GEMALTO,IS_DIRECTOR_OF
PHILIPPE_ALFROID,ESSILOR,IS_DIRECTOR_OF
PHILIPPE_LAGAYETTE,RENAULT,IS_DIRECTOR_OF
PHILIPPE_LAGAYETTE,KERING,IS_DIRECTOR_OF
PIERRE_ANDRE_DE_CHALENDAR,BNP_PARIBAS,IS_DIRECTOR_OF
PIERRE_ANDRE_DE_CHALENDAR,SAINT_GOBAIN,IS_DIRECTOR_OF
PIERRE_ANDRE_DE_CHALENDAR,VEOLIA_ENVIRONNEMENT,IS_DIRECTOR_OF
PIERRE_PRINGUET,CAP_GEMINI,IS_DIRECTOR_OF
PIERRE_PRINGUET,PERNOD_RICARD,IS_DIRECTOR_OF
ROBERT_CASTAIGNE,SANOFI,IS_DIRECTOR_OF
ROBERT_CASTAIGNE,SOCIETE_GENERALE,IS_DIRECTOR_OF
ROBERT_CASTAIGNE,VINCI,IS_DIRECTOR_OF
SEBASTIEN_BAZIN,CARREFOUR,IS_DIRECTOR_OF
SEBASTIEN_BAZIN,ACCOR,IS_DIRECTOR_OF
SERGE_WEINBERG,SANOFI,IS_DIRECTOR_OF
SUET_FERN_LEE,SANOFI,IS_DIRECTOR_OF
SUET_FERN_LEE,AXA,IS_DIRECTOR_OF
THIERRY_DESMAREST,RENAULT,IS_DIRECTOR_OF
THIERRY_DESMAREST,SANOFI,IS_DIRECTOR_OF
THIERRY_DESMAREST,TOTAL,IS_DIRECTOR_OF
THIERRY_DESMAREST,AIR_LIQUIDE,IS_DIRECTOR_OF
VIRGINIE_MORGON,L_OREAL,IS_DIRECTOR_OF
VIRGINIE_MORGON,ACCOR,IS_DIRECTOR_OF
XAVIER_FONTANET,ESSILOR,IS_DIRECTOR_OF
XAVIER_FONTANET,L_OREAL,IS_DIRECTOR_OF
XAVIER_FONTANET,SCHNEIDER_ELECTRIC,IS_DIRECTOR_OF
YANN_DELABRIERE,CAP_GEMINI,IS_DIRECTOR_OF
YANN_DELABRIERE,SOCIETE_GENERALE,IS_DIRECTOR_OF
YSEULYS_COSTES,KERING,IS_DIRECTOR_OF
YSEULYS_COSTES,VIVENDI,IS_DIRECTOR_OF
YVES_THIBAULT_DE_SILGUY,LVMH,IS_DIRECTOR_OF
YVES_THIBAULT_DE_SILGUY,VINCI,IS_DIRECTOR_OF
YVES_THIBAULT_DE_SILGUY,SOLVAY,IS_DIRECTOR_OF
JEAN-PAUL_HERTEMAN,SAFRAN,IS_DIRECTOR_OF
CHRISTIAN_STREIFF,SAFRAN,IS_DIRECTOR_OF
MARC_AUBRY,SAFRAN,IS_DIRECTOR_OF
GIOVANNI_BISIGNANI,SAFRAN,IS_DIRECTOR_OF
JEAN-LOU_CHAMEAU,SAFRAN,IS_DIRECTOR_OF
ODILE_DESFORGES,SAFRAN,IS_DIRECTOR_OF
JEAN-MARC_FORNERI,SAFRAN,IS_DIRECTOR_OF
CHRISTIAN_HALARY,SAFRAN,IS_DIRECTOR_OF
XAVIER_LAGARDE,SAFRAN,IS_DIRECTOR_OF
MONIQUE_COHEN,SAFRAN,IS_DIRECTOR_OF
ELISABETH_LULIN,SAFRAN,IS_DIRECTOR_OF
ASTRID_MILSAN,SAFRAN,IS_DIRECTOR_OF
VINCENT_IMBERT,SAFRAN,IS_DIRECTOR_OF
PATRICK_GANDIL,SAFRAN,IS_DIRECTOR_OF
LAURE_REINHART,SAFRAN,IS_DIRECTOR_OF
ROBERT_TER_HAAR,UNIBAIL,IS_DIRECTOR_OF
FRANCOIS_HENRI_JACLOT,UNIBAIL,IS_DIRECTOR_OF
FRANS_CREMERS,UNIBAIL,IS_DIRECTOR_OF
JOSE_LUIS_DURAN,UNIBAIL,IS_DIRECTOR_OF
MARY_HARRIS,UNIBAIL,IS_DIRECTOR_OF
DAGMAR_KOLLMANN,UNIBAIL,IS_DIRECTOR_OF
JEAN_LOUIS_LAURENS,UNIBAIL,IS_DIRECTOR_OF
YVES_LYON_CAEN,UNIBAIL,IS_DIRECTOR_OF
ALEC_PELMORE,UNIBAIL,IS_DIRECTOR_OF
JACQUES_ASCHENBROICH,VALEO,IS_DIRECTOR_OF
GERARD_BLANC,VALEO,IS_DIRECTOR_OF
DANIEL_CAMUS,VALEO,IS_DIRECTOR_OF
PASCAL_COLOMBANI,VALEO,IS_DIRECTOR_OF
JEROME_CONTAMINE,VALEO,IS_DIRECTOR_OF
MICHEL_DE_FABIANI,VALEO,IS_DIRECTOR_OF
SOPHIE_DUTORDOIR,VALEO,IS_DIRECTOR_OF
MICHAEL_JAY,VALEO,IS_DIRECTOR_OF
NOELLE_LENOIR,VALEO,IS_DIRECTOR_OF
THIERRY_MOULONGUET,VALEO,IS_DIRECTOR_OF
GEORGES_PAUGET,VALEO,IS_DIRECTOR_OF
ULRIKE_STEINHORST,VALEO,IS_DIRECTOR_OF
PHILIPPE_CITERNE,ACCOR,IS_DIRECTOR_OF
JEAN-PAUL_BAILLY,ACCOR,IS_DIRECTOR_OF
ILIANE_DUMAS,ACCOR,IS_DIRECTOR_OF
MERCEDES_ERRA,ACCOR,IS_DIRECTOR_OF
SOPHIE _GASPERMENT,ACCOR,IS_DIRECTOR_OF
JONATHAN_GRUNZWEIG,ACCOR,IS_DIRECTOR_OF
IRIS_KNOBLOCH,ACCOR,IS_DIRECTOR_OF
BERTRAND_MEHEUT,ACCOR,IS_DIRECTOR_OF
NADRA_MOUSSALEM,ACCOR,IS_DIRECTOR_OF
PATRICK_SAYER,ACCOR,IS_DIRECTOR_OF
THOMAS_ENDERS,AIRBUS,IS_DIRECTOR_OF
MANFRED_BISCHOFF,AIRBUS,IS_DIRECTOR_OF
RALPH_CROSBY,AIRBUS,IS_DIRECTOR_OF
HANS_PETER_KEITEL,AIRBUS,IS_DIRECTOR_OF
HERMAN_JOSEF_LAMBERTI,AIRBUS,IS_DIRECTOR_OF
JOHN_PARKER,AIRBUS,IS_DIRECTOR_OF
JOSE_PIQUE_CAMPS,AIRBUS,IS_DIRECTOR_OF
JEAN_CLAUDE_TRICHET,AIRBUS,IS_DIRECTOR_OF
CORNELIS_VAN_LEDE,AIR_LIQUIDE,IS_DIRECTOR_OF
THIERRY_PEUGEOT,AIR_LIQUIDE,IS_DIRECTOR_OF
PAUL_SKINNER,AIR_LIQUIDE,IS_DIRECTOR_OF
KAREN_KATEN,AIR_LIQUIDE,IS_DIRECTOR_OF
SIAN_HERBERT_JONES,AIR_LIQUIDE,IS_DIRECTOR_OF
PIERRE_DUFOUR,AIR_LIQUIDE,IS_DIRECTOR_OF
SIN_LENG_LOW,AIR_LIQUIDE,IS_DIRECTOR_OF
ANNETTE_WINKLER,AIR_LIQUIDE,IS_DIRECTOR_OF
PHILIPPE_CAMUS,ALCATEL-LUCENT,IS_DIRECTOR_OF
LOUIS_HUGHES,ALCATEL-LUCENT,IS_DIRECTOR_OF
VERONIQUE_MORALI,ALCATEL-LUCENT,IS_DIRECTOR_OF
MICHEL_COMBES,ALCATEL-LUCENT,IS_DIRECTOR_OF
FRANCESCO_CAIO,ALCATEL-LUCENT,IS_DIRECTOR_OF
JEAN_MONTY,ALCATEL-LUCENT,IS_DIRECTOR_OF
KIM_CRAWFORD_GOODMAN,ALCATEL-LUCENT,IS_DIRECTOR_OF
CARLA_CICO,ALCATEL-LUCENT,IS_DIRECTOR_OF
STUART_EIZENSTAT,ALCATEL-LUCENT,IS_DIRECTOR_OF
GILLES_LE_DISSEZ,ALCATEL-LUCENT,IS_DIRECTOR_OF
BERTRAND_LAPAYE,ALCATEL-LUCENT,IS_DIRECTOR_OF
PATRICK_KRON,ALSTOM,IS_DIRECTOR_OF
CANDACE_BEINECKE,ALSTOM,IS_DIRECTOR_OF
BI_YONG_CHUNGUNCO,ALSTOM,IS_DIRECTOR_OF
LALITA_GUPTE,ALSTOM,IS_DIRECTOR_OF
KATRINA_LANDIS,ALSTOM,IS_DIRECTOR_OF
JAMES_LENG,ALSTOM,IS_DIRECTOR_OF
KLAUS_MANGOLD,ALSTOM,IS_DIRECTOR_OF
PHILIPPE_MARIEN,ALSTOM,IS_DIRECTOR_OF
AMPARO_MORALEDA,ALSTOM,IS_DIRECTOR_OF
ALAN_THOMSON,ALSTOM,IS_DIRECTOR_OF
LEWIS_KADEN,ARCELORMITTAL,IS_DIRECTOR_OF
TYE_BURT,ARCELORMITTAL,IS_DIRECTOR_OF
JEANNOT_KRECKE,ARCELORMITTAL,IS_DIRECTOR_OF
VANISHA_MITTAL_BHATIA,ARCELORMITTAL,IS_DIRECTOR_OF
SUZANNE_NIMOCKS,ARCELORMITTAL,IS_DIRECTOR_OF
WILBUR_ROSS,ARCELORMITTAL,IS_DIRECTOR_OF
ANTOINE_SPILLMANN,ARCELORMITTAL,IS_DIRECTOR_OF
NARAYANAN_VAGHUL,ARCELORMITTAL,IS_DIRECTOR_OF
MICHEL_WURTH,ARCELORMITTAL,IS_DIRECTOR_OF
HENRI_DE_CASTRIES,AXA,IS_DIRECTOR_OF
NORBERT_DENTRESSANGLE,AXA,IS_DIRECTOR_OF
DENIS_DUVERNE,AXA,IS_DIRECTOR_OF
STEFAN_LIPPE,AXA,IS_DIRECTOR_OF
FRANCOIS_MARTINEAU,AXA,IS_DIRECTOR_OF
DEANNA_OPPENHEIMER,AXA,IS_DIRECTOR_OF
DOINA_PALICI_CHEHAB,AXA,IS_DIRECTOR_OF
DOMINIQUE_REINICHE,AXA,IS_DIRECTOR_OF
MONIQUE_COHEN,BNP_PARIBAS,IS_DIRECTOR_OF
DENIS_KESSLER,BNP_PARIBAS,IS_DIRECTOR_OF
JEAN_FRANÇOIS_LEPETIT,BNP_PARIBAS,IS_DIRECTOR_OF
NICOLE_MISSON,BNP_PARIBAS,IS_DIRECTOR_OF
THIERRY_MOUCHARD,BNP_PARIBAS,IS_DIRECTOR_OF
LAURENCE_PARISOT,BNP_PARIBAS,IS_DIRECTOR_OF
DANIELA_SCHWARZER,BNP_PARIBAS,IS_DIRECTOR_OF
MICHEL_TILMANT,BNP_PARIBAS,IS_DIRECTOR_OF
EMIEL_VAN_BROCKHOVEN,BNP_PARIBAS,IS_DIRECTOR_OF
FIELDS_WICKER_MIURIN,BNP_PARIBAS,IS_DIRECTOR_OF
PHILIPPE_BORDENAVE,BNP_PARIBAS,IS_DIRECTOR_OF
FRANCOIS_VILLEROY_DE _GALHAU,BNP_PARIBAS,IS_DIRECTOR_OF
PATRICK_KRON,BOUYGUES,IS_DIRECTOR_OF
MARTIN_BOUYGUES,BOUYGUES,IS_DIRECTOR_OF
MICHEL_BARDOU,BOUYGUES,IS_DIRECTOR_OF
HERVE_LE BOUC,BOUYGUES,IS_DIRECTOR_OF
HELMAN_LE PAS_DE_SECHEVAL,BOUYGUES,IS_DIRECTOR_OF
SANDRA_NOMBRET,BOUYGUES,IS_DIRECTOR_OF
NONCE_PAOLINI,BOUYGUES,IS_DIRECTOR_OF
ROSE_MARIE_VAN_LERBERGHE,BOUYGUES,IS_DIRECTOR_OF
JEAN_PEYRELEVADE,BOUYGUES,IS_DIRECTOR_OF
MICHELE_VILAIN,BOUYGUES,IS_DIRECTOR_OF
FRANCOIS_BERTIERE,BOUYGUES,IS_DIRECTOR_OF
RAPHAELLE_DEFLESSELLE,BOUYGUES,IS_DIRECTOR_OF
YVES_GABRIEL,BOUYGUES,IS_DIRECTOR_OF
SERGE_KAMPF,CAP_GEMINI,IS_DIRECTOR_OF
ANNE_BOUVEROT,CAP_GEMINI,IS_DIRECTOR_OF
BRUNO_ROGER,CAP_GEMINI,IS_DIRECTOR_OF
LUCIA_SINAPI_THOMAS,CAP_GEMINI,IS_DIRECTOR_OF
PHIL_LASKAWY,CAP_GEMINI,IS_DIRECTOR_OF
CAROLINE_WATTEEUW_CARLISLE,CAP_GEMINI,IS_DIRECTOR_OF
XAVIER_MUSCA,CAP_GEMINI,IS_DIRECTOR_OF
GEORGES_PLASSAT,CARREFOUR,IS_DIRECTOR_OF
THOMAS_BARRACK,CARREFOUR,IS_DIRECTOR_OF
THIERRY_BRETON,CARREFOUR,IS_DIRECTOR_OF
RENE_BRILLET,CARREFOUR,IS_DIRECTOR_OF
CHARLES_EDELSTENNE,CARREFOUR,IS_DIRECTOR_OF
DIANE_LABRUYERE_CUILLERET,CARREFOUR,IS_DIRECTOR_OF
MATHILDE_LEMOINE,CARREFOUR,IS_DIRECTOR_OF
BERTRAND_DE_MONTESQUIOU,CARREFOUR,IS_DIRECTOR_OF
ANNE_CLAIRE_TAITINGER,CARREFOUR,IS_DIRECTOR_OF
JEAN_MARIE_SANDER,CREDIT_AGRICOLE,IS_DIRECTOR_OF
DOMINIQUE_LEFEBVRE,CREDIT_AGRICOLE,IS_DIRECTOR_OF
PHILIPPE_BRASSAC,CREDIT_AGRICOLE,IS_DIRECTOR_OF
PASCALE_BERGER,CREDIT_AGRICOLE,IS_DIRECTOR_OF
CAROLINE_CATOIRE,CREDIT_AGRICOLE,IS_DIRECTOR_OF
PASCAL_CELERIER,CREDIT_AGRICOLE,IS_DIRECTOR_OF
JEAN_LOUIS_DELORME,CREDIT_AGRICOLE,IS_DIRECTOR_OF
DANIEL_EPRON,CREDIT_AGRICOLE,IS_DIRECTOR_OF
VERONIQUE_FLACHAIRE,CREDIT_AGRICOLE,IS_DIRECTOR_OF
JEAN_PIERRE_GAILLARD,CREDIT_AGRICOLE,IS_DIRECTOR_OF
FRANCOISE_GRI,CREDIT_AGRICOLE,IS_DIRECTOR_OF
MONICA_MONDARDINI,CREDIT_AGRICOLE,IS_DIRECTOR_OF
GERARD_OUVRIER_BUFFET,CREDIT_AGRICOLE,IS_DIRECTOR_OF
MARC_POUZET,CREDIT_AGRICOLE,IS_DIRECTOR_OF
JEAN_LOUIS_ROVEYAZ,CREDIT_AGRICOLE,IS_DIRECTOR_OF
CHIRSTIAN_STREIFF,CREDIT_AGRICOLE,IS_DIRECTOR_OF
FRANCOIS_VEVERKA,CREDIT_AGRICOLE,IS_DIRECTOR_OF
EMMANUEL_FABER,DANONE,IS_DIRECTOR_OF
BRUNO_BONNELL,DANONE,IS_DIRECTOR_OF
RICHARD_GOBLET_D_ALVIELLA,DANONE,IS_DIRECTOR_OF
JACQUES_ANTOINE_GRANJON,DANONE,IS_DIRECTOR_OF
MARIE_ANNE_JOURDAIN,DANONE,IS_DIRECTOR_OF
JEAN_LAURENT,DANONE,IS_DIRECTOR_OF
OLIVIER_GAELLE,DANONE,IS_DIRECTOR_OF
ISABELLE_SEILLIER,DANONE,IS_DIRECTOR_OF
MOUNA_SEPEHRI,DANONE,IS_DIRECTOR_OF
VIRGINIA_STALLINGS,DANONE,IS_DIRECTOR_OF
BETTINA_THEISSIG,DANONE,IS_DIRECTOR_OF
LIONEL_ZINSOU_DERLIN,DANONE,IS_DIRECTOR_OF
MICHAEL_JAY,EDF,IS_DIRECTOR_OF
COLETTE_LEWINER,EDF,IS_DIRECTOR_OF
HENRI_PROGLIO,EDF,IS_DIRECTOR_OF
PHILIPPE_CROUZET,EDF,IS_DIRECTOR_OF
BRUNO_LECHEVIN,EDF,IS_DIRECTOR_OF
MARIE_CHRISTINE_LEPETIT,EDF,IS_DIRECTOR_OF
CHRISTIAN_MASSET,EDF,IS_DIRECTOR_OF
DENIS_MORIN,EDF,IS_DIRECTOR_OF
REGIS_TURRINI,EDF,IS_DIRECTOR_OF
PIERRE_MARIANI,EDF,IS_DIRECTOR_OF
HUBERT_SAGNIERES,ESSILOR,IS_DIRECTOR_OF
BENOIT_BAZIN,ESSILOR,IS_DIRECTOR_OF
ANTOINE_BERNARD_DE_SAINT_AFRIQUE,ESSILOR,IS_DIRECTOR_OF
MAUREEN_CAVANAGH,ESSILOR,IS_DIRECTOR_OF
YVES_CHEVILLOTE,ESSILOR,IS_DIRECTOR_OF
LOUISE_FRECHETTE,ESSILOR,IS_DIRECTOR_OF
YI_HE,ESSILOR,IS_DIRECTOR_OF
MAURICE_MARCHAND_TONEL,ESSILOR,IS_DIRECTOR_OF
AICHA_MOKDAHI,ESSILOR,IS_DIRECTOR_OF
OLIVIER_PECOUX,ESSILOR,IS_DIRECTOR_OF
MICHEL_ROSE,ESSILOR,IS_DIRECTOR_OF
ASTRID_MILSAN,GDF_SUEZ,IS_DIRECTOR_OF
ANN_KRISTIN_ACHLEITNER,GDF_SUEZ,IS_DIRECTOR_OF
EDMOND_ALPHANDERY,GDF_SUEZ,IS_DIRECTOR_OF
JEAN_LOUIS_BEFFA,GDF_SUEZ,IS_DIRECTOR_OF
ALDO_CARDOSO,GDF_SUEZ,IS_DIRECTOR_OF
FRANCOISE_MALRIEU,GDF_SUEZ,IS_DIRECTOR_OF
SIMON_OF_HIGHBURY,GDF_SUEZ,IS_DIRECTOR_OF
BRUNO_BEZARD,GDF_SUEZ,IS_DIRECTOR_OF
PIERRE_MONGIN,GDF_SUEZ,IS_DIRECTOR_OF
STEPHANE_PALLEZ,GDF_SUEZ,IS_DIRECTOR_OF
FLORENCE_TORDJMAN,GDF_SUEZ,IS_DIRECTOR_OF
LAURENT_MICHEL,GDF_SUEZ,IS_DIRECTOR_OF
ALEX_MANDL,GEMALTO,IS_DIRECTOR_OF
HOAIRA_AKBARI,GEMALTO,IS_DIRECTOR_OF
ALEXANDER_BUFORD,GEMALTO,IS_DIRECTOR_OF
JOHANNES_FRITZ,GEMALTO,IS_DIRECTOR_OF
JOHN_ORMEROD,GEMALTO,IS_DIRECTOR_OF
MICHEL_SOUBLIN,GEMALTO,IS_DIRECTOR_OF
ARTHUR_VAN_DER_POEL,GEMALTO,IS_DIRECTOR_OF
YEN_YEN_TAN,GEMALTO,IS_DIRECTOR_OF
DRINA_YUE,GEMALTO,IS_DIRECTOR_OF
JEAN_FRANCOIS_PALUS,KERING,IS_DIRECTOR_OF
LUCA_CORDERO_DI_MONTEZEMOLO,KERING,IS_DIRECTOR_OF
JEAN_PIERRE_DENIS,KERING,IS_DIRECTOR_OF
DANIELA_RICCARDI,KERING,IS_DIRECTOR_OF
JOCHEN_ZEITZ,KERING,IS_DIRECTOR_OF
JEAN_PIERRE_MEYERS,L_OREAL,IS_DIRECTOR_OF
PETER_BRABECK_LETMATHE,L_OREAL,IS_DIRECTOR_OF
ANA_SOFIA_AMARAL,L_OREAL,IS_DIRECTOR_OF
FRANÇOISE_BETTENTCOURT_MEYERS,L_OREAL,IS_DIRECTOR_OF
BELEN_GARIJO,L_OREAL,IS_DIRECTOR_OF
BERNARD_KASRIEL,L_OREAL,IS_DIRECTOR_OF
CHRISTINE_KUEHNE,L_OREAL,IS_DIRECTOR_OF
GEORGES_LIAROKAPIS,L_OREAL,IS_DIRECTOR_OF
JEAN_VICTOR_MEYES,L_OREAL,IS_DIRECTOR_OF
ANNETTE_ROUX,L_OREAL,IS_DIRECTOR_OF
PAUL_DESMARAIS_JR,LAFARGE,IS_DIRECTOR_OF
JUAN_GALLARDO,LAFARGE,IS_DIRECTOR_OF
OSCAR_FANJUL,LAFARGE,IS_DIRECTOR_OF
PHILIPPE_CHARRIER,LAFARGE,IS_DIRECTOR_OF
PHILIPPE_DAUMAN,LAFARGE,IS_DIRECTOR_OF
NASSET_SAWIRIS,LAFARGE,IS_DIRECTOR_OF
VERONIQUE_WEILL,LAFARGE,IS_DIRECTOR_OF
CHRISTINE_RAMON,LAFARGE,IS_DIRECTOR_OF
MINA_GEROWIN,LAFARGE,IS_DIRECTOR_OF
CHRISTEL_BORIES,LEGRAND,IS_DIRECTOR_OF
ANGELES_GARCIA_POVEDA,LEGRAND,IS_DIRECTOR_OF
FRANCOIS_GRAPPOTTE,LEGRAND,IS_DIRECTOR_OF
THIERRY_DE_LA_TOUR_D_ARTAISE,LEGRAND,IS_DIRECTOR_OF
DONGSHENG_LI,LEGRAND,IS_DIRECTOR_OF
ANNALISA_LOUSTAU_ELIA,LEGRAND,IS_DIRECTOR_OF
ELIANE_ROUYER_CHEVALIER,LEGRAND,IS_DIRECTOR_OF
ANTONIO_BELLONI,LVMH,IS_DIRECTOR_OF
DELPHINE_ARNAULT,LVMH,IS_DIRECTOR_OF
BERNADETTE_CHIRAC,LVMH,IS_DIRECTOR_OF
NICHOLAS_CLIVE_WORMS,LVMH,IS_DIRECTOR_OF
DIEGO_DELLA_VALLE,LVMH,IS_DIRECTOR_OF
MARIE_JOSEE_KRAVIS,LVMH,IS_DIRECTOR_OF
CHARLES_POWELL,LVMH,IS_DIRECTOR_OF
MARIE_LAURE_SAUTY_DE_CHALON,LVMH,IS_DIRECTOR_OF
FRANCESCO_TRAPANI,LVMH,IS_DIRECTOR_OF
HUBERT_VEDRINE,LVMH,IS_DIRECTOR_OF
PIERRE_GODE,LVMH,IS_DIRECTOR_OF
LAURENCE_PARISOT,MICHELIN,IS_DIRECTOR_OF
PAT_COX,MICHELIN,IS_DIRECTOR_OF
BARBARA_DALIBARD,MICHELIN,IS_DIRECTOR_OF
JEAN_PIERRE_DUPRIEU,MICHELIN,IS_DIRECTOR_OF
CYRILLE_POUGHON,MICHELIN,IS_DIRECTOR_OF
ANNE_SOPHIE_DE_LA_BIGNE,MICHELIN,IS_DIRECTOR_OF
STEPHANE_RICHARD,ORANGE,IS_DIRECTOR_OF
BERNARD_DUFAU,ORANGE,IS_DIRECTOR_OF
ANTOINE_SAINTOYANT,ORANGE,IS_DIRECTOR_OF
HENRI_SERRES,ORANGE,IS_DIRECTOR_OF
YVES_GILET,ORANGE,IS_DIRECTOR_OF
JOSE_LUIS_DURAN,ORANGE,IS_DIRECTOR_OF
JEAN_LUC_BURGAIN,ORANGE,IS_DIRECTOR_OF
CLAUDIE_HAIGNERE,ORANGE,IS_DIRECTOR_OF
HELLE_KRISTOFFERSEN,ORANGE,IS_DIRECTOR_OF
DANIELE_RICARD,PERNOD_RICARD,IS_DIRECTOR_OF
ALEXANDRE_RICARD,PERNOD_RICARD,IS_DIRECTOR_OF
FRANCOIS_GERARD,PERNOD_RICARD,IS_DIRECTOR_OF
CESAR_GIRON,PERNOD_RICARD,IS_DIRECTOR_OF
MARTINA_GONZALEZ_GALLARZA,PERNOD_RICARD,IS_DIRECTOR_OF
PAUL_CHARLES_RICARD,PERNOD_RICARD,IS_DIRECTOR_OF
NICOLE_BOUTON,PERNOD_RICARD,IS_DIRECTOR_OF
LAURENT_BURELLE,PERNOD_RICARD,IS_DIRECTOR_OF
WOLFGANG_COLBERG,PERNOD_RICARD,IS_DIRECTOR_OF
MICHEL_CHAMBAUD,PERNOD_RICARD,IS_DIRECTOR_OF
ANDERS_NARVINGER,PERNOD_RICARD,IS_DIRECTOR_OF
SUSAN_MURRAY,PERNOD_RICARD,IS_DIRECTOR_OF
ELISABETH_BADINTER,PUBLICIS,IS_DIRECTOR_OF
GERARD_WORMS,PUBLICIS,IS_DIRECTOR_OF
MARIE_JOSEE_KRAVIS,PUBLICIS,IS_DIRECTOR_OF
JEAN_CHAREST,PUBLICIS,IS_DIRECTOR_OF
VERONIQUE_MORALI,PUBLICIS,IS_DIRECTOR_OF
MICHEL_CICUREL,PUBLICIS,IS_DIRECTOR_OF
SOPHIE_DULAC,PUBLICIS,IS_DIRECTOR_OF
CLAUDINE_BIENAIME,PUBLICIS,IS_DIRECTOR_OF
SIMON_BADINTER,PUBLICIS,IS_DIRECTOR_OF
MARIE_CLAUDE_MAYER,PUBLICIS,IS_DIRECTOR_OF
HENRI_CALIXTE_SUAUDEAU,PUBLICIS,IS_DIRECTOR_OF
CARLOS_GHOSN,RENAULT,IS_DIRECTOR_OF
ALAIN_BELDA,RENAULT,IS_DIRECTOR_OF
PASCAL_FAURE,RENAULT,IS_DIRECTOR_OF
YURIKO_KOIKE,RENAULT,IS_DIRECTOR_OF
RICHARD_GENTIL,RENAULT,IS_DIRECTOR_OF
JEAN_PIERRE_GARNIER,RENAULT,IS_DIRECTOR_OF
DOMINIQUE_DE_LA_GARANDERIE,RENAULT,IS_DIRECTOR_OF
BENOIT_OSTERTAG,RENAULT,IS_DIRECTOR_OF
ERIC_PERSONNE,RENAULT,IS_DIRECTOR_OF
MARIETTE_RIH,RENAULT,IS_DIRECTOR_OF
HIROTO_SAIKAWA,RENAULT,IS_DIRECTOR_OF
PATRICK_THOMAS,RENAULT,IS_DIRECTOR_OF
BERNARD_GAUTIER,SAINT_GOBAIN,IS_DIRECTOR_OF
PAMELA_KNAPP,SAINT_GOBAIN,IS_DIRECTOR_OF
DANIÈLE_LEMARCHAND,SAINT_GOBAIN,IS_DIRECTOR_OF
FREDERIC_LEMOINE,SAINT_GOBAIN,IS_DIRECTOR_OF
JACQUES_PESTRE,SAINT_GOBAIN,IS_DIRECTOR_OF
OLIVIA_QIU,SAINT_GOBAIN,IS_DIRECTOR_OF
PHILIPPE_VARIN,SAINT_GOBAIN,IS_DIRECTOR_OF
CLAUDIE_HAIGNERE,SANOFI,IS_DIRECTOR_OF
PATRICK_KRON,SANOFI,IS_DIRECTOR_OF
LAURENT_ATTAL,SANOFI,IS_DIRECTOR_OF
UWE_BICKER,SANOFI,IS_DIRECTOR_OF
IGOR_LANDAU,SANOFI,IS_DIRECTOR_OF
FABIENNE_LECORVAISIER,SANOFI,IS_DIRECTOR_OF
CHRISTIAN_MULLIEZ,SANOFI,IS_DIRECTOR_OF
CAROLE_PIWNICA,SANOFI,IS_DIRECTOR_OF
KLAUS_POHLE,SANOFI,IS_DIRECTOR_OF
GERARD_VAN_KEMMEL,SANOFI,IS_DIRECTOR_OF
JEAN_PASCAL_TRICOIRE,SCHNEIDER_ELECTRIC,IS_DIRECTOR_OF
LEON_APOTHECKER,SCHNEIDER_ELECTRIC,IS_DIRECTOR_OF
LONE_FONSS_SCHRODER,SCHNEIDER_ELECTRIC,IS_DIRECTOR_OF
BETSY_ATKINS,SCHNEIDER_ELECTRIC,IS_DIRECTOR_OF
NOEL_FORGEARD,SCHNEIDER_ELECTRIC,IS_DIRECTOR_OF
ANTOINE_GOSSET_GRAINVILLE,SCHNEIDER_ELECTRIC,IS_DIRECTOR_OF
MAGALI_HERBAUT,SCHNEIDER_ELECTRIC,IS_DIRECTOR_OF
JEONG_KIM,SCHNEIDER_ELECTRIC,IS_DIRECTOR_OF
WILLY_KISSLING,SCHNEIDER_ELECTRIC,IS_DIRECTOR_OF
LINDA_KNOLL,SCHNEIDER_ELECTRIC,IS_DIRECTOR_OF
CATHY_KOPP,SCHNEIDER_ELECTRIC,IS_DIRECTOR_OF
GORDON_RICHARD_THOMAN,SCHNEIDER_ELECTRIC,IS_DIRECTOR_OF
FREDERIC_OUDEA,SOCIETE_GENERALE,IS_DIRECTOR_OF
ANTHONY_WYAND,SOCIETE_GENERALE,IS_DIRECTOR_OF
LORENZO_BINI_SMAGHI,SOCIETE_GENERALE,IS_DIRECTOR_OF
MICHEL_CICUREL,SOCIETE_GENERALE,IS_DIRECTOR_OF
KYRA_HAZOU,SOCIETE_GENERALE,IS_DIRECTOR_OF
ANA_MARIA_LLOPIS_RIVAS,SOCIETE_GENERALE,IS_DIRECTOR_OF
FRANCE_HOUSSAYE,SOCIETE_GENERALE,IS_DIRECTOR_OF
BEATRICE_LEPAGNOL,SOCIETE_GENERALE,IS_DIRECTOR_OF
NICOLAS_BOEL,SOLVAY,IS_DIRECTOR_OF
BERNARD_DE_LAGUICHE,SOLVAY,IS_DIRECTOR_OF
JEAN_MARIE_SOLVAY,SOLVAY,IS_DIRECTOR_OF
GUY_DE_SELLIERS_DE_MORANVILLE,SOLVAY,IS_DIRECTOR_OF
DENIS_SOLVAY,SOLVAY,IS_DIRECTOR_OF
BERNHARD_SCHEUBLE,SOLVAY,IS_DIRECTOR_OF
CHARLES_CASIMIR_LAMBERT,SOLVAY,IS_DIRECTOR_OF
HERVE_COPPENS_D'EECKENBRUGGE,SOLVAY,IS_DIRECTOR_OF
EVELYN_DU_MONCEAU,SOLVAY,IS_DIRECTOR_OF
FRANÇOISE_DE_VIRON,SOLVAY,IS_DIRECTOR_OF
AMPARO_MORALEDA,SOLVAY,IS_DIRECTOR_OF
ROSEMARY_THORNE,SOLVAY,IS_DIRECTOR_OF
GILLES_MICHEL,SOLVAY,IS_DIRECTOR_OF
THIERRY_PILENKO,TECHNIP,IS_DIRECTOR_OF
LETICIA_COSTA,TECHNIP,IS_DIRECTOR_OF
MARIE_ANGE_DEBON,TECHNIP,IS_DIRECTOR_OF
MAURY_DEVINE,TECHNIP,IS_DIRECTOR_OF
MANISHA_GIROTRA,TECHNIP,IS_DIRECTOR_OF
ALEXANDRA_BECH_GJORV,TECHNIP,IS_DIRECTOR_OF
JOHN_O_LEARY,TECHNIP,IS_DIRECTOR_OF
JOSEPH_RINALDI,TECHNIP,IS_DIRECTOR_OF
PIERRE_JEAN_SIVIGNON,TECHNIP,IS_DIRECTOR_OF
PATRICK_ARTUS,TOTAL,IS_DIRECTOR_OF
GUNNAR_BROCK,TOTAL,IS_DIRECTOR_OF
CHARLES_KELLER,TOTAL,IS_DIRECTOR_OF
MARIE_CHRISTINE_COISNE_ROQUETTE,TOTAL,IS_DIRECTOR_OF
BERTRAND_COLLOMB,TOTAL,IS_DIRECTOR_OF
BARBARA_KUX,TOTAL,IS_DIRECTOR_OF
JACQUES_ASCHENBROICH,VEOLIA_ENVIRONNEMENT,IS_DIRECTOR_OF
ANTOINE_FREROT,VEOLIA_ENVIRONNEMENT,IS_DIRECTOR_OF
MARYSE_AULAGNON,VEOLIA_ENVIRONNEMENT,IS_DIRECTOR_OF
DANIEL_BOUTON,VEOLIA_ENVIRONNEMENT,IS_DIRECTOR_OF
PAUL_LOUIS_GIRARDOT,VEOLIA_ENVIRONNEMENT,IS_DIRECTOR_OF
OLIVIER_MAREUSE,VEOLIA_ENVIRONNEMENT,IS_DIRECTOR_OF
SERGE_MICHEL,VEOLIA_ENVIRONNEMENT,IS_DIRECTOR_OF
KHALED_MOHAMED_EBRAHIM_AL_SAYED,VEOLIA_ENVIRONNEMENT,IS_DIRECTOR_OF
PAOLO_SCARONI,VEOLIA_ENVIRONNEMENT,IS_DIRECTOR_OF
ASSOUAD_YANNICK,VINCI,IS_DIRECTOR_OF
ELISABETH_BOYER,VINCI,IS_DIRECTOR_OF
GRAZIELLA_GAVEZOTTI,VINCI,IS_DIRECTOR_OF
JEAN_PIERRE_LAMOURE,VINCI,IS_DIRECTOR_OF
MARIE_CHRISTINE_LOMBARD,VINCI,IS_DIRECTOR_OF
MICHAEL_PRAGNELL,VINCI,IS_DIRECTOR_OF
HENRI_SAINT_OLIVE,VINCI,IS_DIRECTOR_OF
NASSER_HASSAN_AL_ANSARI,VINCI,IS_DIRECTOR_OF
UWE_CHLEBOS,VINCI,IS_DIRECTOR_OF
MILOUD_HAKIMI,VINCI,IS_DIRECTOR_OF
VINCENT_BOLLORE,VIVENDI,IS_DIRECTOR_OF
PIERRE_RODOCANACHI,VIVENDI,IS_DIRECTOR_OF
NATHALIE_BRICAULT,VIVENDI,IS_DIRECTOR_OF
PASCAL_CAGNI,VIVENDI,IS_DIRECTOR_OF
DANIEL_CAMUS,VIVENDI,IS_DIRECTOR_OF
PHILIPPE_DONNET,VIVENDI,IS_DIRECTOR_OF
ALIZA_JABES,VIVENDI,IS_DIRECTOR_OF
ALEXANDRE_DE_JUNIAC,VIVENDI,IS_DIRECTOR_OF
VIRGINIE_MORGON,VIVENDI,IS_DIRECTOR_OF
KATIE_JACOBS_STANTON,VIVENDI,IS_DIRECTOR_OF